x,y,radius,z
326.5831127012522,226.90377825159914,15.0,-9.0
319.16076923076923,66.5913262260128,14.884034184822045,-8.884034184822045
117.10808586762074,67.41344136460555,14.882367223515477,-8.882367223515477
100.6139892665474,234.3028144989339,12.562277521118263,-6.562277521118263
361.22071556350625,201.4182089552239,12.02720371073202,-6.027203710732021
301.01726296958856,226.90377825159914,10.525572724339437,-4.525572724339437
123.70572450805008,234.3028144989339,10.352146441388705,-4.3521464413887045
335.6548658318426,85.49997441364606,10.01362620951739,-4.0136262095173905
117.10808586762074,92.07689552238806,9.768762895646788,-3.7687628956467876
75.04813953488372,201.4182089552239,9.45095531322282,-3.4509553132228206
350.49955277280856,220.32685714285714,9.436463480517299,-3.4364634805172987
301.8419677996422,285.27395309168446,9.389783618928,-3.389783618928
343.07720930232557,64.9470959488273,9.04379939596759,-3.0437993959675893
334.8301610017889,48.504793176972285,8.945731533186548,-2.9457315331865477
310.08901610017887,244.1681961620469,8.873900879840072,-2.873900879840072
99.78928443649373,83.85574413646056,8.662287287503842,-2.662287287503842
317.5113595706619,90.43266524520256,8.610815715721541,-2.6108157157215413
88.24341681574239,217.03839658848614,8.521162768560153,-2.5211627685601528
113.80926654740608,217.8605117270789,8.434327485452414,-2.434327485452414
113.80926654740608,250.7451172707889,8.211886803882319,-2.2118868038823187
318.33606440071554,43.57210234541578,8.037387949269194,-2.0373879492691938
134.42688729874777,82.21151385927506,7.87742839941302,-1.87742839941302
310.08901610017887,210.46147547974414,7.870157263532935,-1.8701572635329349
94.01635062611807,67.41344136460555,7.77385773466832,-1.7738577346683204
346.3760286225402,238.41339019189766,7.590692758163278,-1.5906927581632777
326.5831127012522,249.92300213219616,7.584159417082761,-1.5841594170827609
80.82107334525939,231.83646908315566,7.332669796030891,-1.332669796030891
103.0881037567084,50.149023454157785,7.277003376202408,-1.2770033762024076
339.7783899821109,207.17301492537314,7.225419552798446,-1.2254195527984457
139.37511627906977,67.41344136460555,7.179153093657161,-1.1791530936571606
117.10808586762074,45.21633262260128,7.164116321361062,-1.1641163213610621
130.30336314847943,217.8605117270789,7.141599239458175,-1.1415992394581753
58.55404293381037,201.4182089552239,6.927107159502382,-0.9271071595023823
131.1280679785331,249.92300213219616,6.877954300732968,-0.8779543007329682
132.77747763864042,51.793253731343285,6.87534729390763,-0.8753472939076303
134.42688729874777,285.27395309168446,6.837246027615379,-0.8372460276153788
141.0245259391771,234.3028144989339,6.7999092591516614,-0.7999092591516614
329.05722719141323,101.12016204690832,6.696242166802446,-0.6962421668024463
303.4913774597495,51.793253731343285,6.642388091438073,-0.6423880914380726
72.57402504472272,217.8605117270789,6.635565962044608,-0.6355659620446081
303.4913774597495,81.38939872068231,6.603942158272291,-0.6039421582722913
293.5949194991055,242.5239658848614,6.528510057522766,-0.5285100575227659
98.96457960644007,254.0335778251599,6.504853151884596,-0.5048531518845962
378.5395169946333,207.9951300639659,6.485073130447994,-0.4850731304479936
366.9936493738819,219.5047420042644,6.387004278665888,-0.3870042786658878
377.7148121645796,193.1970575692964,6.364650876440392,-0.3646508764403924
102.26339892665473,99.47593176972282,6.334742495027176,-0.334742495027176
291.12080500894456,273.7643411513859,6.226357373064801,-0.22635737306480141
323.28429338103757,205.52878464818764,6.209528036326013,-0.20952803632601302
87.41871198568873,247.4566567164179,6.060928152780884,-0.06092815278088359
66.80109123434704,188.26436673773986,5.988807722120365,0.01119227787963517
101.43869409660107,209.6393603411514,5.977941072843645,0.022058927156354713
297.71844364937385,66.5913262260128,5.965771909155291,0.034228090844709236
315.86194991055453,291.85087420042646,5.9542268051433,0.04577319485670017
366.1689445438283,184.1537910447761,5.833711585034928,0.16628841496507185
286.17257602862253,285.27395309168446,5.823378007335908,0.17662199266409218
295.2443291592129,211.2835906183369,5.8165430209285045,0.1834569790714955
341.42779964221825,100.29804690831557,5.634183585796457,0.36581641420354316
112.15985688729874,106.87496801705757,5.554692624648131,0.44530737535186926
302.6666726296959,269.6537654584222,5.538996188637127,0.4610038113628727
350.49955277280856,78.1009381663113,5.517082397388053,0.4829176026119466
61.02815742397138,213.74993603411514,5.514613356212221,0.48538664378777874
134.42688729874777,297.6056801705757,5.488516090429316,0.5114839095706838
325.7584078711986,285.27395309168446,5.474415902148232,0.5255840978517679
339.7783899821109,249.92300213219616,5.462185914893972,0.537814085106028
286.17257602862253,232.6585842217484,5.388830716395285,0.6111692836047151
131.95277280858676,96.1874712153518,5.359450956054974,0.6405490439450263
293.5949194991055,297.6056801705757,5.341946131584122,0.6580538684158777
89.89282647584973,203.0624392324094,5.303966017923172,0.6960339820768278
142.67393559928442,221.97108742004264,5.276028715646124,0.7239712843538761
315.86194991055453,280.3412622601279,5.25384591610551,0.7461540838944902
144.32334525939177,292.6729893390192,5.2206674026482975,0.7793325973517025
358.74660107334523,232.6585842217484,5.192593618223334,0.8074063817766657
124.53042933810376,292.6729893390192,5.180528794148081,0.8194712058519187
306.7901967799642,299.2499104477612,5.171557070924981,0.8284429290750186
143.4986404293381,246.63454157782516,5.082333350228766,0.9176666497712338
317.5113595706619,104.40862260127932,5.077313675288701,0.9226863247112993
286.9972808586762,219.5047420042644,5.068767717027018,0.9312322829729824
353.79837209302326,185.7980213219616,5.0610757611908594,0.9389242388091406
334.0054561717352,291.85087420042646,5.031074413676896,0.9689255863231043
125.35513416815742,104.40862260127932,5.006697020757894,0.993302979242106
348.85014311270123,51.793253731343285,4.975944032429345,1.0240559675706553
79.17166368515205,187.4422515991471,4.939840053801657,1.0601599461983433
335.6548658318426,281.98549253731346,4.936178277333207,1.063821722666793
349.6748479427549,91.2547803837953,4.909823871271614,1.0901761287283858
122.05631484794276,207.17301492537314,4.8963536766733,1.1036463233267
145.9727549194991,281.98549253731346,4.88543263233762,1.1145673676623797
325.7584078711986,297.6056801705757,4.8366466929658545,1.1633533070341455
91.54223613595707,54.259599147121534,4.829245008944278,1.1707549910557216
345.5513237924866,194.8412878464819,4.7201384107000095,1.2798615892999905
91.54223613595707,94.5432409381663,4.7052598785753945,1.2947401214246055
336.4795706618962,110.16342857142857,4.698455056700666,1.3015449432993336
315.86194991055453,256.4999232409382,4.697871051567739,1.3021289484322613
86.59400715563505,78.1009381663113,4.671619501617634,1.3283804983823657
139.37511627906977,274.5864562899787,4.6430556671615815,1.3569443328384185
328.23252236135954,35.35095095948827,4.632537146262132,1.3674628537378677
304.3160822898032,92.8990106609808,4.623574818549203,1.3764251814507968
299.36785330948123,253.21146268656716,4.622756420162268,1.3772435798377316
122.88101967799642,282.8076076759062,4.61346821659618,1.3865317834038198
77.52225402504472,243.34608102345416,4.512553019729333,1.4874469802706667
69.27520572450806,228.54800852878466,4.490365769683902,1.509634230316098
122.88101967799642,259.7883837953092,4.488687929365532,1.5113120706344683
305.96549194991053,40.28364179104478,4.452741201908271,1.547258798091729
343.07720930232557,276.2306865671642,4.42810567970953,1.57189432029047
130.30336314847943,274.5864562899787,4.41105480673065,1.5889451932693497
112.9845617173524,204.7066695095949,4.403966141548308,1.5960338584516922
300.19255813953487,202.24032409381664,4.397210275226634,1.6027897247733662
86.59400715563505,193.1970575692964,4.395137328980082,1.6048626710199176
143.4986404293381,55.903829424307034,4.37217964709969,1.6278203529003097
325.7584078711986,111.80765884861407,4.360893661368507,1.6391063386314926
103.0881037567084,110.98554371002132,4.34185044573042,1.6581495542695803
131.95277280858676,206.3508997867804,4.319310122302347,1.6806898776976533
312.5631305903399,271.2979957356077,4.313371665366547,1.6866283346334532
108.86103756708408,262.2547292110874,4.290254754313589,1.7097452456864106
140.19982110912343,212.10570575692964,4.287314454127042,1.712685545872958
128.65395348837208,41.10575692963753,4.2728958075008325,1.7271041924991675
314.2125402504472,198.95186353944564,4.261919379105128,1.7380806208948716
334.0054561717352,272.9422260127932,4.252682109094236,1.747317890905764
56.07992844364937,189.90859701492536,4.239938335783169,1.7600616642168312
308.43960644007154,101.12016204690832,4.237369899999624,1.7626301000003757
141.0245259391771,255.6778081023454,4.214392932598339,1.7856070674016609
107.21162790697674,38.63941151385927,4.195059445145674,1.8049405548543263
343.90191413237926,267.1874200426439,4.190944211685787,1.8090557883142129
295.2443291592129,263.0768443496802,4.1868067257017945,1.8131932742982055
114.63397137745974,293.49510447761196,4.166578686779651,1.8334213132203487
376.0654025044723,182.5095607675906,4.156357855202825,1.8436421447971751
315.86194991055453,302.5383710021322,4.13172628900837,1.8682737109916303
331.53134168157425,198.95186353944564,4.111817697432432,1.888182302567568
377.7148121645796,218.68262686567164,4.106435059098995,1.8935649409010047
345.5513237924866,109.34131343283582,4.101810490087116,1.8981895099128838
126.17983899821108,302.5383710021322,4.100568799241438,1.8994312007585616
145.9727549194991,77.27882302771854,4.096822463181347,1.903177536818653
120.40690518783542,112.62977398720682,4.093532551115902,1.906467448884098
325.7584078711986,275.4085714285714,4.053152131853621,1.9468478681463788
359.5713059033989,176.75475479744136,4.050845781354118,1.949154218645882
94.84105545617173,106.87496801705757,4.0271067886269805,1.9728932113730195
150.09627906976743,227.72589339019189,4.018558357862624,1.9814416421373764
284.5231663685152,295.13933475479746,4.017753310990149,1.982246689009851
85.76930232558139,87.14420469083156,4.010104871201154,1.989895128798846
280.39964221824687,277.0528017057569,4.00374658331036,1.9962534166896404
133.60218246869408,260.6104989339019,3.997036211037994,2.002963788962006
350.49955277280856,272.1201108742004,3.9902729272082853,2.0097270727917147
334.0054561717352,300.8941407249467,3.9897917781868433,2.0102082218131567
334.8301610017889,258.1441535181237,3.987373670566205,2.012626329433795
355.4477817531306,60.83652025586354,3.9835674999412762,2.0164325000587238
70.92461538461538,237.5912750533049,3.9682770488702497,2.0317229511297503
282.8737567084079,241.70185074626866,3.967981832050312,2.032018167949688
356.2724865831842,69.8797867803838,3.9636307218348,2.0363692781652
306.7901967799642,258.1441535181237,3.9538648307510016,2.0461351692489984
343.07720930232557,286.91818336886996,3.947761210636208,2.052238789363792
299.36785330948123,305.00471641791046,3.941082486398145,2.058917513601855
74.22343470483005,180.04321535181236,3.939681071879362,2.060318928120638
117.93279069767442,301.71625586353946,3.927485699662627,2.072514300337373
367.8183542039356,230.19223880597016,3.91870386464531,2.08129613535469
351.32425760286225,100.29804690831557,3.9162432299785985,2.0837567700214015
109.68574239713774,300.07202558635396,3.914199459263664,2.085800540736336
84.94459749552773,60.01440511727079,3.907771446797308,2.092228553202692
104.73751341681574,293.49510447761196,3.906529755951623,2.093470244048377
349.6748479427549,249.92300213219616,3.8966575472526115,2.1033424527473885
290.29610017889087,253.21146268656716,3.8958406323672827,2.1041593676327173
151.74568872987476,235.9470447761194,3.894854103798137,2.105145896201863
338.95368515205723,36.17306609808102,3.88929591777445,2.11070408222555
141.0245259391771,92.07689552238806,3.8732439358781168,2.1267560641218832
357.0971914132379,242.5239658848614,3.869930287786949,2.130069712213051
293.5949194991055,75.63459275053305,3.8515788783985965,2.1484211216014035
347.2007334525939,42.74998720682303,3.834722838630875,2.165277161369125
152.57039355992845,287.7402985074627,3.8290370714689255,2.1709629285310745
342.2525044722719,116.74034968017058,3.823358227314478,2.176641772685522
100.6139892665474,286.91818336886996,3.807002127588556,2.192997872411444
143.4986404293381,301.71625586353946,3.805458296915428,2.194541703084572
100.6139892665474,300.07202558635396,3.8042171005702823,2.1957828994297177
61.85286225402504,223.61531769722814,3.7980066683397267,2.2019933316602733
293.5949194991055,57.54805970149254,3.7979250757512872,2.2020749242487128
114.63397137745974,285.27395309168446,3.794841370409336,2.205158629590664
98.96457960644007,199.7739786780384,3.794613900162815,2.205386099837185
89.06812164579605,258.1441535181237,3.790184658862615,2.209815341137385
369.4677638640429,175.11052452025586,3.789323733429597,2.210676266570403
351.32425760286225,263.8989594882729,3.784135928307312,2.215864071692688
356.2724865831842,85.49997441364606,3.783643405773545,2.216356594226455
93.19164579606439,285.27395309168446,3.7705831521194906,2.2294168478805094
82.47048300536673,70.70190191897655,3.761395826662728,2.238604173337272
282.8737567084079,268.0095351812367,3.7556996749895264,2.2443003250104736
319.16076923076923,31.24037526652452,3.7540895812445836,2.2459104187554164
108.86103756708408,116.74034968017058,3.7480017851469336,2.2519982148530664
317.5113595706619,113.45188912579957,3.742472774654873,2.257527225345127
349.6748479427549,281.1633773987207,3.7414837735830373,2.2585162264169627
305.96549194991053,196.4855181236674,3.7313044800512305,2.2686955199487695
332.3560465116279,117.56246481876333,3.720372062203222,2.279627937796778
96.49046511627907,293.49510447761196,3.7146828335375206,2.2853171664624794
147.62216457960645,272.9422260127932,3.7141650914764193,2.2858349085235807
136.0762969588551,306.64894669509596,3.699658423754817,2.300341576245183
326.5831127012522,261.4326140724947,3.6991861757430167,2.3008138242569833
279.5749373881932,226.08166311300639,3.682440409594789,2.317559590405211
345.5513237924866,257.3220383795309,3.6811799277287456,2.3188200722712544
323.28429338103757,305.8268315565032,3.6753626234242485,2.3246373765757515
285.34787119856884,210.46147547974414,3.6747964203106154,2.3252035796893846
96.49046511627907,263.8989594882729,3.6659868932632955,2.3340131067367045
92.36694096601073,277.8749168443497,3.6635148850842567,2.3364851149157433
351.32425760286225,176.75475479744136,3.6566655581613,2.3433344418387
93.19164579606439,45.21633262260128,3.649119479983235,2.350880520016765
352.14896243291594,140.58168869936034,3.644971609487981,2.355028390512019
122.05631484794276,274.5864562899787,3.639033152552181,2.360966847447819
357.9218962432916,268.0095351812367,3.6327851382808927,2.3672148617191073
352.14896243291594,133.1826524520256,3.630237471519859,2.369762528480141
296.06903398926653,88.78843496801706,3.628365292490881,2.371634707509119
82.47048300536673,179.22110021321961,3.626683990668775,2.373316009331225
88.24341681574239,102.76439232409382,3.617364633568921,2.382635366431079
65.97638640429338,178.39898507462686,3.614011919935419,2.385988080064581
321.63488372093025,195.66340298507464,3.607853904761669,2.392146095238331
145.9727549194991,85.49997441364606,3.60654298384096,2.39345701615904
88.24341681574239,184.97590618336886,3.604492290118519,2.395507709881481
98.96457960644007,39.46152665245202,3.592340433948945,2.407659566051055
134.42688729874777,105.23073773987207,3.5831625040023622,2.4168374959976378
152.57039355992845,244.1681961620469,3.5802597858565424,2.4197402141434576
85.76930232558139,284.4518379530917,3.5769456432648408,2.4230543567351592
311.7384257602862,33.70672068230277,3.565940039337515,2.434059960662485
343.90191413237926,124.13938592750533,3.56566608604062,2.43433391395938
357.9218962432916,260.6104989339019,3.5644075821767167,2.4355924178232833
51.956404293381034,209.6393603411514,3.5622337578208327,2.4377662421791673
122.05631484794276,35.35095095948827,3.5578074835238604,2.4421925164761396
356.2724865831842,277.0528017057569,3.5564031020018643,2.4435968979981357
345.5513237924866,136.4711130063966,3.5477968146747982,2.4522031853252018
99.78928443649373,279.5191471215352,3.5401429353799068,2.4598570646200932
349.6748479427549,115.91823454157783,3.5397270604292004,2.4602729395707996
84.94459749552773,277.0528017057569,3.5368960448610887,2.4631039551389113
140.19982110912343,44.39421748400853,3.5341570063926557,2.4658429936073443
344.7266189624329,185.7980213219616,3.53172208575381,2.46827791424619
290.29610017889087,203.0624392324094,3.530505119934924,2.469494880065076
126.17983899821108,199.7739786780384,3.5288114555994152,2.4711885444005848
149.27157423971377,253.21146268656716,3.519519790529573,2.480480209470427
351.32425760286225,125.78361620469083,3.5193328693269974,2.4806671306730026
310.91372093023256,110.16342857142857,3.5116834405369275,2.4883165594630725
363.69483005366726,170.17783368869937,3.5106899889602765,2.4893100110397235
297.71844364937385,42.74998720682303,3.510406640153193,2.489593359846807
153.3950983899821,277.8749168443497,3.508316386387884,2.491683613612116
116.28338103756708,265.5431897654584,3.5080993006526175,2.4919006993473825
105.5622182468694,306.64894669509596,3.506913488367493,2.493086511632507
345.5513237924866,143.87014925373134,3.505227241540023,2.494772758459977
128.65395348837208,112.62977398720682,3.5048692231520207,2.4951307768479793
341.42779964221825,296.78356503198296,3.5044123046568307,2.4955876953431693
106.38692307692307,199.7739786780384,3.4988422506202896,2.5011577493797104
352.97366726296957,107.69708315565032,3.4959573344937613,2.5040426655062387
107.21162790697674,283.62972281449896,3.4932079115140757,2.5067920884859243
94.84105545617173,193.1970575692964,3.486631054386407,2.513368945613593
148.4468694096601,214.5720511727079,3.4857211734003224,2.5142788265996776
336.4795706618962,124.13938592750533,3.477769604782809,2.522230395217191
352.14896243291594,147.9807249466951,3.4773715318513974,2.5226284681486026
118.75749552772808,198.95186353944564,3.4768345042693944,2.5231654957306056
317.5113595706619,264.7210746268657,3.469601444930563,2.530398555069437
139.37511627906977,265.5431897654584,3.4660731836068126,2.5339268163931874
112.9845617173524,307.4710618336887,3.4652246206871853,2.5347753793128147
337.3042754919499,194.01917270788914,3.46251277974823,2.53748722025177
79.17166368515205,252.3893475479744,3.4621092673109173,2.5378907326890827
310.08901610017887,307.4710618336887,3.4535039689849323,2.5464960310150677
92.36694096601073,270.4758805970149,3.45162239444577,2.54837760555423
283.6984615384615,249.92300213219616,3.449787302956987,2.550212697043013
114.63397137745974,34.52883582089552,3.448957036557189,2.551042963442811
355.4477817531306,170.17783368869937,3.4456305314520894,2.5543694685479106
358.74660107334523,136.4711130063966,3.4408813483051617,2.5591186516948383
364.5195348837209,239.2355053304904,3.4339627913071764,2.5660372086928236
358.74660107334523,143.87014925373134,3.4323522030617006,2.5676477969382994
374.41599284436495,226.08166311300639,3.431597595243892,2.568402404756108
153.3950983899821,295.13933475479746,3.4292363551848988,2.5707636448151012
290.29610017889087,305.8268315565032,3.428551966443196,2.571448033556804
121.23161001788908,308.29317697228146,3.4280302683778037,2.5719697316221963
149.27157423971377,63.30286567164179,3.4270491793145497,2.5729508206854503
288.64669051878354,69.05767164179105,3.425681885332743,2.574318114667257
357.0971914132379,53.437484008528784,3.4248451904259753,2.5751548095740247
341.42779964221825,130.71630703624734,3.422347962719605,2.577652037280395
323.28429338103757,119.20669509594883,3.417479604943522,2.582520395056478
116.28338103756708,119.20669509594883,3.416396648769868,2.583603351230132
287.82198568872985,261.4326140724947,3.4137372248877202,2.5862627751122798
59.37874776386404,181.68744562899786,3.4126789937408595,2.5873210062591405
96.49046511627907,115.09611940298508,3.4095858928887104,2.5904141071112896
139.37511627906977,203.88455437100214,3.4065902086421387,2.5934097913578613
357.0971914132379,95.36535607675906,3.405084949010814,2.594915050989186
128.65395348837208,266.3653049040512,3.391733929041642,2.608266070958358
89.06812164579605,291.85087420042646,3.3892510418508155,2.6107489581491845
140.19982110912343,99.47593176972282,3.3852604225259824,2.6147395774740176
360.39601073345256,151.2691855010661,3.3828497324133977,2.6171502675866023
279.5749373881932,215.39416631130064,3.3757828252546345,2.6242171747453655
93.19164579606439,300.07202558635396,3.3694146473531235,2.6305853526468765
330.70663685152056,307.4710618336887,3.359487549094635,2.640512450905365
145.9727549194991,48.504793176972285,3.3580075089906387,2.6419924910093613
291.9455098389982,83.03362899786781,3.353120854694725,2.646879145305275
97.31516994633273,306.64894669509596,3.331739640522835,2.668260359477165
52.7811091234347,217.03839658848614,3.331057229783272,2.668942770216728
359.5713059033989,164.42302771855012,3.3310285487521902,2.6689714512478098
83.29518783542039,94.5432409381663,3.330634926325602,2.669365073674398
383.48774597495526,184.97590618336886,3.3297245508389848,2.6702754491610152
152.57039355992845,220.32685714285714,3.3250866303126356,2.6749133696873644
79.17166368515205,81.38939872068231,3.3222328677198703,2.6777671322801297
84.94459749552773,269.6537654584222,3.3209095842857628,2.6790904157142372
354.6230769230769,155.37976119402984,3.3192717985108118,2.6807282014891882
334.0054561717352,29.59614498933902,3.317184511748715,2.682815488251285
293.5949194991055,50.149023454157785,3.3167711093006798,2.6832288906993202
136.0762969588551,38.63941151385927,3.3026541080013896,2.6973458919986104
102.26339892665473,120.02881023454158,3.299874520489011,2.700125479510989
115.4586762075134,277.8749168443497,3.2945507277193515,2.7054492722806485
277.92552772808585,289.3845287846482,3.2914269678339743,2.7085730321660257
277.92552772808585,235.9470447761194,3.287858651966812,2.712141348033188
129.47865831842574,309.93740724946696,3.2846518159914067,2.7153481840085933
78.34695885509839,64.9470959488273,3.2809880615208122,2.7190119384791878
296.8937388193202,96.1874712153518,3.2805252090191956,2.7194747909808044
357.9218962432916,129.07207675906184,3.2791124209880858,2.7208875790119142
345.5513237924866,151.2691855010661,3.277717434976271,2.722282565023729
61.85286225402504,231.0143539445629,3.2770765622817235,2.7229234377182765
134.42688729874777,198.95186353944564,3.2753527334135244,2.7246472665864756
356.2724865831842,253.21146268656716,3.274237634705038,2.725762365294962
70.92461538461538,173.46629424307037,3.270344431985779,2.729655568014221
77.52225402504472,173.46629424307037,3.270344431985779,2.729655568014221
385.1371556350626,200.59609381663114,3.2693292223855637,2.7306707776144363
352.97366726296957,163.60091257995737,3.2667375450768144,2.7332624549231856
86.59400715563505,47.68267803837953,3.265939915712383,2.734060084287617
364.5195348837209,264.7210746268657,3.2653173395376682,2.7346826604623318
362.87012522361357,272.9422260127932,3.263968342075691,2.736031657924309
355.4477817531306,120.02881023454158,3.255619195027302,2.744380804972698
70.09991055456172,245.8124264392324,3.2537697630229805,2.7462302369770195
376.8901073345259,175.11052452025586,3.252770871940435,2.747229128059565
350.49955277280856,288.56241364605546,3.2512972603434056,2.7487027396565944
123.70572450805008,119.20669509594883,3.2505238615052345,2.7494761384947655
324.9337030411449,27.129799573560767,3.2454661100238966,2.7545338899761034
98.96457960644007,272.1201108742004,3.244282275740916,2.755717724259084
88.24341681574239,110.16342857142857,3.234571274216618,2.765428725783382
304.3160822898032,107.69708315565032,3.23390864349849,2.76609135650151
296.06903398926653,195.66340298507464,3.2338280399111383,2.7661719600888617
79.17166368515205,281.98549253731346,3.2309930683387376,2.7690069316612624
355.4477817531306,46.03844776119403,3.2275454106023385,2.7724545893976615
145.9727549194991,261.4326140724947,3.2275142570685764,2.7724857429314236
338.95368515205723,140.58168869936034,3.227282336317233,2.772717663682767
362.04542039355994,157.8461066098081,3.2268110773065044,2.7731889226934956
312.5631305903399,191.55282729211086,3.2211406396611677,2.7788593603388323
370.2924686940966,167.71148827292112,3.218308140591448,2.781691859408552
145.9727549194991,207.17301492537314,3.2173270515281933,2.7826729484718067
286.9972808586762,62.48075053304904,3.2146923526728384,2.7853076473271616
150.09627906976743,70.70190191897655,3.213400717273031,2.786599282726969
364.5195348837209,258.1441535181237,3.211575021294432,2.788424978705568
329.05722719141323,124.13938592750533,3.2105242076556104,2.7894757923443896
340.60309481216456,304.1826012793177,3.2015544624346495,2.7984455375653505
84.94459749552773,172.64417910447762,3.201044137881585,2.798955862118415
364.5195348837209,140.58168869936034,3.198988004653251,2.801011995346749
283.6984615384615,302.5383710021322,3.198813940464608,2.801186059535392
301.01726296958856,101.94227718550107,3.198225484826869,2.801774515173131
348.0254382826476,170.17783368869937,3.19627913071751,2.80372086928249
359.5713059033989,76.4567078891258,3.1950789779168405,2.8049210220831595
112.15985688729874,195.66340298507464,3.1949761218053725,2.8050238781946275
157.51862254025045,231.0143539445629,3.1915892876348892,2.8084107123651108
95.6657602862254,185.7980213219616,3.1900939180142833,2.8099060819857167
100.6139892665474,312.4037526652452,3.1890752469102996,2.8109247530897004
339.7783899821109,147.9807249466951,3.187217902897404,2.812782097102596
79.17166368515205,272.9422260127932,3.18050950862718,2.81949049137282
78.34695885509839,87.96631982942431,3.1804501685628703,2.8195498314371297
81.64577817531305,101.12016204690832,3.179746988800799,2.820253011199201
382.6630411449016,178.39898507462686,3.1792989713152595,2.8207010286847405
357.0971914132379,113.45188912579957,3.1783910683313206,2.8216089316686794
316.6866547406082,120.85092537313433,3.1769832253055705,2.8230167746944295
364.5195348837209,133.1826524520256,3.17692536874287,2.82307463125713
299.36785330948123,36.17306609808102,3.1756465903569926,2.8243534096430074
366.1689445438283,162.77879744136462,3.1734025469250104,2.8265974530749896
346.3760286225402,35.35095095948827,3.1715936639646336,2.8284063360353664
155.8692128801431,250.7451172707889,3.170653123945323,2.829346876054677
89.89282647584973,177.57686993603411,3.168496112607662,2.831503887392338
348.0254382826476,157.8461066098081,3.167285080795207,2.832714919204793
109.68574239713774,313.22586780383796,3.163644073349264,2.836355926650736
116.28338103756708,313.22586780383796,3.163644073349264,2.836355926650736
79.99636851520572,288.56241364605546,3.1617531032999246,2.8382468967000754
80.82107334525939,54.259599147121534,3.1576428148454005,2.8423571851545995
356.2724865831842,284.4518379530917,3.1573975425795875,2.8426024574204125
286.9972808586762,78.1009381663113,3.1568446909804346,2.8431553090195654
287.82198568872985,53.437484008528784,3.1534623073147743,2.8465376926852257
148.4468694096601,92.07689552238806,3.153088464909624,2.846911535090376
313.38783542039357,27.129799573560767,3.151604963301879,2.848395036698121
334.8301610017889,130.71630703624734,3.1491067465944362,2.8508932534055638
358.74660107334523,101.94227718550107,3.14743236777983,2.85256763222017
63.50227191413238,237.5912750533049,3.146650067932011,2.853349932067989
54.43051878354204,223.61531769722814,3.144261630343542,2.855738369656458
371.11717352415025,236.76915991471216,3.1413925382341636,2.8586074617658364
124.53042933810376,314.0479829424307,3.138212899788231,2.861787100211769
76.69754919499105,74.8124776119403,3.136369401790339,2.863630598209661
105.5622182468694,275.4085714285714,3.1353754557131497,2.8646245442868503
319.16076923076923,189.0864818763326,3.1337050329028284,2.8662949670971716
134.42688729874777,314.0479829424307,3.1330206441611232,2.8669793558388768
136.0762969588551,111.80765884861407,3.1312206622103926,2.8687793377896074
64.32697674418604,171.82206396588487,3.1308715448320372,2.8691284551679628
305.1407871198569,32.06249040511727,3.1297500176165816,2.8702499823834184
282.8737567084079,203.88455437100214,3.125674344199571,2.874325655800429
366.1689445438283,147.9807249466951,3.1224541567096913,2.8775458432903087
108.86103756708408,124.13938592750533,3.122393333143774,2.877606666856226
278.75023255813954,208.81724520255864,3.121061643200557,2.878938356799443
362.87012522361357,279.5191471215352,3.1198431938800617,2.8801568061199383
86.59400715563505,298.42779530916846,3.119842204878989,2.880157795121011
155.04450805008943,271.2979957356077,3.119500999509209,2.880499000490791
52.7811091234347,182.5095607675906,3.1191904531726533,2.8808095468273467
158.3433273703041,283.62972281449896,3.1181544745499106,2.8818455254500894
145.9727549194991,308.29317697228146,3.116586907851062,2.883413092148938
84.11989266547405,263.0768443496802,3.1160978468210425,2.8839021531789575
282.8737567084079,256.4999232409382,3.1159593866709843,2.8840406133290157
385.1371556350626,215.39416631130064,3.1079840820277562,2.8920159179722438
363.69483005366726,245.8124264392324,3.1065707994961036,2.8934292005038964
277.92552772808585,298.42779530916846,3.105569930411411,2.894430069588589
117.93279069767442,28.77402985074627,3.1043989531423652,2.8956010468576348
337.3042754919499,186.62013646055436,3.104008297718994,2.895991702281006
383.48774597495526,223.61531769722814,3.103790717483191,2.896209282516809
103.0881037567084,194.01917270788914,3.1030440216739597,2.8969559783260403
158.3433273703041,238.41339019189766,3.1006288810565485,2.8993711189434515
348.0254382826476,295.13933475479746,3.098069346282653,2.901930653717347
89.89282647584973,305.8268315565032,3.0965314496159593,2.9034685503840407
343.90191413237926,178.39898507462686,3.096292111356579,2.903707888643421
289.4713953488372,196.4855181236674,3.0918183650081525,2.9081816349918475
130.30336314847943,119.20669509594883,3.0916902893693505,2.9083097106306495
340.60309481216456,28.77402985074627,3.0819130247732405,2.9180869752267595
141.0245259391771,106.87496801705757,3.079476126132252,2.920523873867748
129.47865831842574,194.01917270788914,3.078306632364814,2.921693367635186
339.7783899821109,154.5576460554371,3.078032184567381,2.921967815432619
95.6657602862254,121.67304051172708,3.0777903738053176,2.9222096261946824
305.1407871198569,114.27400426439233,3.076888899328344,2.923111100671656
278.75023255813954,262.2547292110874,3.0763706627667062,2.9236293372332938
305.96549194991053,189.0864818763326,3.072812236910261,2.927187763089739
158.3433273703041,224.43743283582089,3.0722138912618036,2.9277861087381964
78.34695885509839,266.3653049040512,3.0700311658962764,2.9299688341037236
288.64669051878354,88.78843496801706,3.069137108927342,2.930862891072658
155.04450805008943,213.74993603411514,3.0653086857782883,2.9346913142217117
376.0654025044723,232.6585842217484,3.064383969776127,2.935616030223873
155.04450805008943,257.3220383795309,3.0587778172004594,2.9412221827995406
345.5513237924866,164.42302771855012,3.0584440293387174,2.9415559706612826
146.79745974955276,98.65381663113007,3.058105790972151,2.941894209027849
288.64669051878354,46.03844776119403,3.055744056412621,2.944255943587379
79.17166368515205,258.9662686567164,3.0543006093482847,2.9456993906517153
277.1008228980322,245.8124264392324,3.053900063914197,2.946099936085803
76.69754919499105,94.5432409381663,3.0530025454415086,2.9469974545584914
96.49046511627907,179.22110021321961,3.0483295153771124,2.9516704846228876
381.83833631484794,170.99994882729212,3.046297118174502,2.953702881825498
112.15985688729874,272.1201108742004,3.04592327576935,2.95407672423065
372.76658318425757,161.95668230277187,3.0440550527446644,2.9559449472553356
103.91280858676207,268.0095351812367,3.042440013994361,2.957559986005639
119.58220035778174,124.96150106609808,3.0412087076599366,2.9587912923400634
94.01635062611807,312.4037526652452,3.0409268423544655,2.9590731576455345
367.8183542039356,154.5576460554371,3.0391970794798344,2.9608029205201656
93.19164579606439,36.17306609808102,3.038642249878538,2.961357750121462
141.0245259391771,197.30763326226014,3.0367819388624264,2.9632180611375736
104.73751341681574,317.33644349680173,3.036488205544091,2.963511794455909
150.09627906976743,266.3653049040512,3.0361796372096825,2.9638203627903175
310.91372093023256,117.56246481876333,3.0352539322064485,2.9647460677935515
141.0245259391771,312.4037526652452,3.0331473599234515,2.9668526400765485
82.47048300536673,107.69708315565032,3.032932746690864,2.967067253309136
122.88101967799642,193.1970575692964,3.031788966951294,2.968211033048706
111.33515205724508,28.77402985074627,3.0317212203778725,2.9682787796221275
295.2443291592129,104.40862260127932,3.0315244091645788,2.9684755908354212
281.2243470483005,308.29317697228146,3.0313750700027318,2.9686249299972682
337.3042754919499,180.04321535181236,3.0300409075568338,2.9699590924431662
128.65395348837208,33.70672068230277,3.0300211275353974,2.9699788724646026
357.0971914132379,291.0287590618337,3.0287621291709574,2.9712378708290426
316.6866547406082,309.93740724946696,3.0286933935964666,2.9713066064035334
89.89282647584973,116.74034968017058,3.0272370895181955,2.9727629104818045
75.87284436493738,58.37017484008529,3.0259276520990923,2.9740723479009077
328.23252236135954,130.71630703624734,3.0250860121869656,2.9749139878130344
156.69391771019679,300.8941407249467,3.02435316239274,2.97564683760726
325.7584078711986,189.90859701492536,3.0231505370893936,2.9768494629106064
90.71753130590339,170.17783368869937,3.0208550656016775,2.9791449343983225
364.5195348837209,126.60573134328358,3.020789791530937,2.979210208469063
277.1008228980322,252.3893475479744,3.020414465624178,2.979585534375822
127.00454382826476,124.96150106609808,3.020157819846037,2.979842180153963
310.91372093023256,184.97590618336886,3.0176912511728933,2.9823087488271067
76.69754919499105,105.23073773987207,3.017362902817046,2.982637097182954
124.53042933810376,28.77402985074627,3.0160613774065177,2.9839386225934823
149.27157423971377,42.74998720682303,3.014921059170698,2.985078940829302
337.3042754919499,309.93740724946696,3.0138381029970445,2.9861618970029555
141.0245259391771,34.52883582089552,3.0135690947055065,2.9864309052944935
366.9936493738819,252.3893475479744,3.012445589487908,2.987554410512092
129.47865831842574,318.15855863539446,3.011057031983057,2.988942968016943
159.16803220035777,290.20664392324096,3.0099246257558123,2.9900753742441877
375.2406976744186,241.70185074626866,3.0098999007290175,2.9901000992709825
306.7901967799642,25.485569296375267,3.0094706742638433,2.9905293257361567
368.64305903398923,269.6537654584222,3.009334192115932,2.990665807884068
376.8901073345259,166.88937313432837,3.0084460691534285,2.9915539308465715
98.1398747763864,318.15855863539446,3.0078328884888923,2.9921671115111077
141.0245259391771,115.91823454157783,3.0077537684031466,2.9922462315968534
159.16803220035777,244.99031130063966,3.0073967390162153,2.9926032609837847
310.91372093023256,124.13938592750533,3.006865645440643,2.993134354559357
150.09627906976743,202.24032409381664,3.0061713666882186,2.9938286333117814
50.3069946332737,195.66340298507464,3.005361869310925,2.994638130689075
368.64305903398923,276.2306865671642,3.005330715777164,2.994669284222836
367.8183542039356,283.62972281449896,3.004960829376299,2.995039170623701
350.49955277280856,300.8941407249467,3.004889621299127,2.995110378700873
74.22343470483005,167.71148827292112,3.0033171095949185,2.9966828904050815
80.82107334525939,167.71148827292112,3.0033171095949185,2.9966828904050815
59.37874776386404,242.5239658848614,3.0021614618424843,2.9978385381575157
84.11989266547405,308.29317697228146,3.0020373422079696,2.9979626577920304
133.60218246869408,124.96150106609808,3.0014459195670153,2.9985540804329847
277.1008228980322,201.4182089552239,3.000913836990371,2.999086163009629
293.5949194991055,33.70672068230277,3.0004450504823232,2.9995549495176768
59.37874776386404,167.71148827292112,3.000278898302256,2.999721101697744
50.3069946332737,176.75475479744136,3.00008109808789,2.99991890191211
360.39601073345256,41.92787206823028,3.000005934006431,2.999994065993569
